event_time,att,se
-7,0.023606973497114433,0.03938449823331385
-6,0.035728764360175164,0.034773375683954375
-5,0.03383007347106347,0.03773450265491378
-4,0.012976546834111492,0.030198561358181785
-3,0.014199882456570565,0.03200348859110857
-2,-0.004193020462884329,0.027746942438470597
0,-0.028985938782346392,0.013324744973975698
1,-0.0227471940236761,0.019296289425039564
2,-0.03279781941844692,0.02029077895471645
3,-0.059581352633540495,0.02144487965941525
4,-0.09056529136986302,0.025767321331870142
5,-0.09116231955060891,0.02953843501473622
