table,outcome,column,att,se,effect,se_str,sig,mde,mde_str,n,note
T1,Total GHG,CS,-0.0521,0.0166,-5.1%,(1.7),***,0.04648,4.8%,2470.0,
T1,Total GHG,DiD,-0.0574,0.0268,-5.6%,(2.7),**,0.07504,7.8%,1188.0,
T1,GHG excl. LULUCF,CS,-0.0293,0.0143,-2.9%,(1.4),**,0.04004,4.1%,2457.0,
T1,GHG excl. LULUCF,DiD,-0.0066,0.0198,-0.7%,(2.0),,0.05544,5.7%,1178.0,
T1,CO₂ incl. land use,CS,-0.0687,0.0272,-6.6%,(2.7),**,0.07615999999999999,7.9%,2353.0,
T1,CO₂ incl. land use,DiD,-0.0541,0.0443,-5.3%,(4.4),,0.12403999999999998,13.2%,1149.0,
T1,Coal CO₂,CS,-0.2222,0.104,-19.9%,(10.4),**,0.29119999999999996,33.8%,1443.0,
T1,Coal CO₂,DiD,-0.2361,0.1078,-21.0%,(10.8),**,0.30184,35.2%,791.0,
T1,Gas CO₂,CS,-0.0966,0.0392,-9.2%,(3.9),**,0.10975999999999998,11.6%,1430.0,
T1,Gas CO₂,DiD,-0.1064,0.0575,-10.1%,(5.8),*,0.161,17.5%,737.0,
T1,Oil CO₂,CS,-0.0011,0.02,-0.1%,(2.0),,0.055999999999999994,5.8%,2652.0,
T1,Oil CO₂,DiD,0.0171,0.0281,+1.7%,(2.8),,0.07868,8.2%,1199.0,
T1,Methane (CH₄),CS,0.0014,0.0166,+0.1%,(1.7),,0.04648,4.8%,2470.0,
T1,Methane (CH₄),DiD,-0.005,0.0188,-0.5%,(1.9),,0.05264,5.4%,1188.0,
T1,N₂O,CS,-0.0053,0.0172,-0.5%,(1.7),,0.048159999999999994,4.9%,2470.0,
T1,N₂O,DiD,-0.0012,0.0169,-0.1%,(1.7),,0.047319999999999994,4.8%,1188.0,
T2,"Baseline (CS, never-treated)",CS,-0.0521,0.016,-5.1%,(1.6),***,0.0448,4.6%,190.0,
T2,Not-yet-treated controls,CS,-0.054456185796058806,0.0156,-5.3%,(1.6),***,0.04368,4.5%,,
T2,Allow 1-year anticipation,CS,-0.0465,0.0284,-4.5%,(2.8),,0.07952,8.3%,190.0,
T2,"Doubly robust, baseline-2012 covariates",CS,-0.0802,0.0253,-7.7%,(2.5),***,0.07084,7.3%,144.0,
T2,Panel ends 2019 (pre-COVID),CS,-0.030459207484708546,0.0119,-3.0%,(1.2),**,0.03332,3.4%,,
T2,"Exclude 2020–21, keep 2022–24 (2×2)",CS,-0.0842,0.0322,-8.1%,(3.2),***,0.09015999999999999,9.4%,165.0,
T2,Exclude Europe,CS,-0.0397,0.0171,-3.9%,(1.7),**,0.04788,4.9%,149.0,
T2,Drop later-reversed targets,CS,-0.0512,0.0221,-5.0%,(2.2),**,0.06188,6.4%,138.0,
T2,Broad coding: any neutrality-type target,CS,-0.0366,0.017,-3.6%,(1.7),**,0.0476,4.9%,190.0,
T2,Total (not per-capita) GHG,CS,-0.0499,0.017,-4.9%,(1.7),***,0.0476,4.9%,190.0,
T2,Consumption-based CO₂ (leakage test),CS,-0.0843,0.0472,-8.1%,(4.7),*,0.13216,14.1%,118.0,
T2,Placebo: counterfactual 2015 timing,CS,-0.01511363781004817,0.0209,-1.5%,(2.1),,0.05851999999999999,6.0%,,
T2,Treatment = legally enshrined year,CS,-0.00803217169726426,0.0142,-0.8%,(1.4),,0.03976,4.1%,,
EDT4,Renewables share of electricity,CS,2.0626581970360856,0.8606047939188393,+2.06,(0.86),**,2.4096934229727496,2.41,2392.0,
EDT4,Low-carbon share of electricity,CS,1.799339448924731,0.9144096280162178,+1.80,(0.91),**,2.5603469584454097,2.56,2392.0,
EDT4,Solar share of electricity,CS,1.0124956336090754,0.4674126757501449,+1.01,(0.47),**,1.3087554921004056,1.31,2392.0,
EDT4,Wind share of electricity,CS,0.7288634640296798,0.3575703720246323,+0.73,(0.36),**,1.0011970416689704,1.00,2314.0,
EDT4,Fossil share of electricity,CS,-1.7993466054745522,0.8556285570653747,-1.80,(0.86),**,2.395759959783049,2.40,2392.0,
EDT4,Coal share of electricity,CS,-0.4279577899246229,0.5719154332338628,-0.43,(0.57),,1.6013632130548159,1.60,2379.0,
EDT4,Energy intensity of GDP (ln),CS,-0.0246726778527764,0.0316924051139623,-2.4%,(3.2),,0.08873873431909443,9.3%,1177.0,
EDT4,Primary energy per capita (ln),CS,-0.0138357296818955,0.0155110754447979,-1.4%,(1.6),,0.04343101124543412,4.4%,2522.0,
EDT7,"PM2.5 exposure (ln, pop-weighted µg/m³)",CS,0.0118,0.0111,+1.2%,(1.1),,0.03108,3.2%,186.0,2012-2020
EDT7,PM2.5 damage (% of GNI),CS,-0.0089,0.0089,-0.01,(0.01),,0.024919999999999998,0.02,150.0,2012-2021
EDT7,Clean-cooking access (% population),CS,-0.1994,0.378,-0.20,(0.38),,1.0584,1.06,180.0,2012-2023
EDT1,Europe — CO₂,CS,-0.1121555782658922,0.0302665723651346,-10.6%,(3.0),***,0.08474640262237688,8.8%,32.0,
EDT1,Europe — CO₂,DiD,-0.1929280183370467,0.0399988753522691,-17.5%,(4.0),***,0.11199685098635347,11.9%,32.0,
EDT1,Asia — CO₂,CS,-0.0345302672844138,0.0344856622830047,-3.4%,(3.4),,0.09655985439241316,10.1%,25.0,
EDT1,Asia — CO₂,DiD,0.1675983989228955,0.1365936975559315,+18.2%,(13.7),,0.3824623531566082,46.6%,25.0,
EDT1,Africa — CO₂,CS,0.0561954744762545,0.0307340474533224,+5.8%,(3.1),*,0.08605533286930271,9.0%,35.0,
EDT1,Africa — CO₂,DiD,0.1338253781698477,0.0544853347724111,+14.3%,(5.4),**,0.15255893736275106,16.5%,35.0,
EDT1,North America — CO₂,CS,0.0268234681726504,0.0628072522902157,+2.7%,(6.3),,0.17586030641260397,19.2%,18.0,
EDT1,North America — CO₂,DiD,0.1318944092155079,0.0834193953092395,+14.1%,(8.3),,0.23357430686587058,26.3%,18.0,
EDT1,South America — CO₂,CS,,,—,,,,,6.0,
EDT1,South America — CO₂,DiD,0.0581919208154541,0.1077141406940809,+6.0%,(10.8),,0.3015995939434265,35.2%,6.0,
EDT1,Oceania — CO₂,CS,,,—,,,,,15.0,
EDT1,Oceania — CO₂,DiD,-0.0077338673575731,0.0652519021773414,-0.8%,(6.5),,0.18270532609655593,20.0%,15.0,
EDT1,Europe — GHG,CS,-0.0849818774020047,0.0350283687505794,-8.1%,(3.5),**,0.09807943250162232,10.3%,32.0,
EDT1,Europe — GHG,DiD,-0.2513689919220577,0.1038409108834389,-22.2%,(10.4),**,0.2907545504736289,33.7%,32.0,
EDT1,Asia — GHG,CS,-0.0354461582658624,0.0249316881723451,-3.5%,(2.5),,0.06980872688256627,7.2%,25.0,
EDT1,Asia — GHG,DiD,-0.0232078609692279,0.0656168728216773,-2.3%,(6.6),,0.18372724390069645,20.2%,25.0,
EDT1,Africa — GHG,CS,-0.0405708001898753,0.0292947019155402,-4.0%,(2.9),,0.08202516536351255,8.5%,35.0,
EDT1,Africa — GHG,DiD,-0.0194478221109955,0.0485653418753764,-1.9%,(4.9),,0.13598295725105392,14.6%,35.0,
EDT1,North America — GHG,CS,0.0129223405778424,0.026530207657919,+1.3%,(2.7),,0.0742845814421732,7.7%,18.0,
EDT1,North America — GHG,DiD,0.0689835492326804,0.0411588627357248,+7.1%,(4.1),*,0.11524481566002942,12.2%,18.0,
EDT1,South America — GHG,CS,,,—,,,,,6.0,
EDT1,South America — GHG,DiD,-0.0466975775908242,0.1075008318806051,-4.6%,(10.8),,0.30100232926569426,35.1%,6.0,
EDT1,Oceania — GHG,CS,,,—,,,,,14.0,
EDT1,Oceania — GHG,DiD,,,—,,,,,14.0,
