variable,mean,sd,min,max,n
GHG per capita (t CO2e),7.562986234817813,7.396172162570086,0.65,61.08,2470
CO2 per capita (t),4.98509653092006,5.998681987303018,0.022,49.152,2652
GHG excl. LULUCF per capita (t),5.736467643467644,7.157671051294076,0.212,60.921,2457
Coal CO2 per capita (t),1.2731566609491136,2.105102703141848,0.0,13.953,1749
Gas CO2 per capita (t),2.1719786324786323,4.6310842058152355,0.0,42.822,1638
Oil CO2 per capita (t),2.593378582202112,3.4053839681511286,0.022,42.354,2652
Methane per capita (t CO2e),1.5773004048582995,1.9978918136647907,0.072,18.857,2470
N2O per capita (t CO2e),0.4768725961538462,0.5532517564420769,0.0,4.503,2496
CO2 intensity (kg/$),0.25445797598627784,0.17938681815290194,0.035,1.636,1749
GDP per capita (PPP $),25923.918210982676,26219.78015665044,995.3190684500232,174569.52317126683,2408
Population,37032911.18952063,141310685.18825004,501.0,1450935785.0,2691
Urbanization (%),61.08037918896505,23.10626501142381,12.2244596804615,100.0,2561
Trade openness (% GDP),91.41692471621951,58.374162235756856,1.99541210225008,442.6200191272994,2188
Industry (% GDP),25.521965741127136,11.684293965890392,2.0863020184691,78.89952807928267,2414
Energy intensity (MJ/$),4.845724962630792,2.937252933559277,0.35,24.82,2007
Renewable electricity (%),34.58456516492357,32.362672907227214,0.0,100.0,2486
Fossil electricity (%),61.66266532582462,33.43008083389547,0.0,100.0,2486
PM2.5 (ug/m3),26.172573417401594,17.300744443479545,4.89518090216668,107.144665250434,1674
Electoral democracy (V-Dem),0.5131524559777572,0.26313825938496294,0.015,0.923,2158
Rule of law (V-Dem),0.5440542168674699,0.3144320299578809,0.008,0.999,2158
