event_time,att,se,z,sig
-7,0.019133460378554228,0.030620478990253313,0.6248582977635498,
-6,0.008848635742188691,0.015212104118400526,0.5816838797129584,
-5,-0.005185925735216362,0.017236340589110145,-0.3008716211196714,
-4,-0.021681550186346037,0.01911592641943191,-1.1342139381906227,
-3,0.0037759292304022775,0.012223609132285944,0.3089046115217314,
-2,-0.012086424107346129,0.013486394327657102,-0.8961938835319389,
-1,0.005659058112763979,0.02669492147883454,0.211990063999658,
0,-0.025758066910237336,0.010684266861251922,-2.410840841466885,**
1,-0.027793250121441786,0.015814909349221806,-1.757408120888748,*
2,-0.03557260065396851,0.017093741229752227,-2.0810307220547606,**
3,-0.057673251049373375,0.02090034450039933,-2.7594402115367735,***
4,-0.0882485837748116,0.02496610083348015,-3.534736335618259,***
5,-0.09236392190762151,0.029503747386913005,-3.1305827255215526,***
