group,year,ln_ghgpc,count,indexed
2019 adopters,2012,1.611556201890057,106,0.0777322415382169
2019 adopters,2013,1.595049865319154,106,0.06122590496731384
2019 adopters,2014,1.579468822697915,106,0.04564486234607479
2019 adopters,2015,1.5591436569900983,106,0.02531969663825806
2019 adopters,2016,1.5525562862075344,106,0.018732325855694176
2019 adopters,2017,1.5576585526027367,106,0.023834592250896458
2019 adopters,2018,1.5338239603518402,106,0.0
2019 adopters,2019,1.5072693578329117,106,-0.026554602518928494
2019 adopters,2020,1.448626730685056,106,-0.08519722966678422
2019 adopters,2021,1.4560318694279715,106,-0.07779209092386874
2019 adopters,2022,1.4457046440291916,106,-0.08811931632264858
2019 adopters,2023,1.41258546278669,106,-0.12123849756515015
2019 adopters,2024,1.4052269511700801,106,-0.1285970091817601
Never treated,2012,1.7534944517741418,59,0.05412526804109952
Never treated,2013,1.724866324340178,59,0.025497140607135815
Never treated,2014,1.7111839726080509,59,0.011814788875008642
Never treated,2015,1.7117123335371862,59,0.012343149804143971
Never treated,2016,1.703901627132163,59,0.004532443399120734
Never treated,2017,1.7273967964468202,59,0.02802761271377796
Never treated,2018,1.6993691837330422,59,0.0
Never treated,2019,1.7018005199964572,59,0.0024313362634149627
Never treated,2020,1.6369191480899312,59,-0.062450035643111024
Never treated,2021,1.654374912227618,59,-0.044994271505424344
Never treated,2022,1.6708312200439315,59,-0.028537963689110768
Never treated,2023,1.6686959775377526,59,-0.03067320619528968
Never treated,2024,1.6619344941018888,59,-0.037434689631153484
