outcome,continent,treated_n,cs_att,cs_se,cs_sig,did_att,did_se,did_sig
CO2,Europe,32,-0.1121555782658922,0.030266572365134605,***,-0.19292801833704673,0.039998875352269196,***
CO2,Asia,25,-0.03453026728441387,0.03448566228300478,,0.16759839892289552,0.13659369755593156,
CO2,Africa,35,0.05619547447625456,0.03073404745332242,*,0.1338253781698477,0.054485334772411194,**
CO2,North America,18,0.026823468172650487,0.0628072522902157,,0.1318944092155079,0.08341939530923959,
CO2,South America,6,,,,0.05819192081545418,0.10771414069408099,
CO2,Oceania,15,,,,-0.0077338673575731405,0.06525190217734145,
GHG,Europe,32,-0.08498187740200472,0.03502836875057945,**,-0.2513689919220577,0.10384091088343896,**
GHG,Asia,25,-0.03544615826586248,0.024931688172345114,,-0.02320786096922796,0.06561687282167732,
GHG,Africa,35,-0.04057080018987533,0.029294701915540275,,-0.019447822110995536,0.048565341875376464,
GHG,North America,18,0.012922340577842483,0.026530207657919,,0.06898354923268042,0.04115886273572485,*
GHG,South America,6,,,,-0.04669757759082428,0.10750083188060511,
GHG,Oceania,14,,,,,,
