event_time,att,se,continent
-5,0.024000591455558214,0.042604292667457876,Europe
-4,-0.05907958584898182,0.0591443902578731,Europe
-3,-0.013437129721423902,0.04531086071210011,Europe
-2,-0.009571746327769175,0.013191504774822522,Europe
-1,-0.13391760680621045,0.14595453463813457,Europe
0,-0.04789272628385365,0.017703506634648185,Europe
1,-0.10230130767167685,0.03820437630604815,Europe
2,-0.07775978047501789,0.03785368440722933,Europe
3,-0.07534943786692114,0.04064131450522303,Europe
4,-0.1191426745498593,0.052191850386800104,Europe
5,-0.1124580721075439,0.05983001760967837,Europe
-5,-0.0100150279215514,0.023918718014464883,Asia
-4,-0.04841886746203642,0.02924025313440369,Asia
-3,0.02495480427835737,0.017939410505910074,Asia
-2,0.01555129658483251,0.014332328202581035,Asia
-1,0.01704270016020322,0.019436678220826394,Asia
0,-0.011508418230004563,0.014658975676034693,Asia
1,-0.01594975551860888,0.02061308910783979,Asia
2,-0.031897428508294384,0.02689933170350825,Asia
3,-0.047869362906329316,0.033061058367348274,Asia
4,-0.056433315090413765,0.044242129101562506,Asia
5,-0.061801403002263965,0.057947255280846925,Asia
-5,-0.0024383128985469072,0.04967990361003904,Africa
-4,-0.006334770553685759,0.06886044564849211,Africa
-3,0.01876653729040574,0.03667160844835385,Africa
-2,-0.05057474393968662,0.0374500494006282,Africa
-1,0.058639611838188,0.036752839057922475,Africa
0,-0.04866960414911289,0.03297259724094947,Africa
1,-0.0059968587757931475,0.044591535585033565,Africa
2,-0.029815623372622377,0.04639193858871199,Africa
3,-0.05168032982364798,0.033206617686729736,Africa
4,-0.054206075129081474,0.03854995483895554,Africa
5,-0.05685161667141072,0.049854518974538166,Africa
-5,-0.04510456413995604,0.05301249153496817,North America
-4,-0.0012418241194949095,0.0396941076675144,North America
-3,-0.021056819759325426,0.0377970344941541,North America
-2,0.07058549804043,0.028823042456271434,North America
-1,0.023222173006689273,0.034566058388560764,North America
0,0.0033940813124621254,0.030961492008399347,North America
1,0.027089810520530878,0.03795156039281335,North America
2,0.02096758730487849,0.027646828774734976,North America
3,0.009395249979166154,0.03485976965057342,North America
4,0.008328248996742817,0.03633723918113341,North America
5,0.009476905331560386,0.0424908068346586,North America
